Trace;Machine_Operating;Raw_Material_Loading;Short_Downtime;Equipment_Failure;Maintenance;DriftD;DriftR
0;84;15;16;0;0;0;0
1;80;14;19;0;0;0;0
2;72;13;15;0;0;0;0
3;83;15;14;0;0;0;0
4;74;12;17;0;0;0;0
5;77;10;20;0;0;0;0
6;72;15;19;0;0;0;0
7;73;12;18;0;0;0;0
8;71;10;10;0;0;0;0
9;81;13;16;0;0;0;0
10;73;13;12;0;0;0;0
11;70;15;11;0;0;0;0
12;75;11;13;0;0;0;0
13;77;11;20;0;0;0;0
14;74;11;13;0;0;0;0
15;74;12;15;0;0;0;0
16;76;15;17;0;0;0;0
17;78;15;10;0;0;0;0
18;74;14;19;0;0;0;0
19;83;14;16;0;0;0;0
20;73;11;16;0;0;0;0
21;79;10;11;0;0;0;0
22;75;10;20;0;0;0;0
23;72;13;20;0;0;0;0
24;73;15;20;0;0;0;0
25;79;14;15;0;0;0;0
26;76;14;13;0;0;0;1
27;82;10;10;0;0;0;0
28;92;12;15;0;0;0;0
29;104;12;19;0;0;0;0
30;101;12;17;0;0;0;0
31;106;14;16;0;0;0;0
32;113;10;19;0;0;0;0
33;121;10;14;0;0;0;0
34;121;10;18;0;0;0;0
35;127;15;20;0;0;0;0
36;130;13;12;0;0;0;0
37;130;12;18;0;0;0;0
38;146;14;14;0;0;0;0
39;147;15;13;0;0;0;0
40;158;12;16;0;0;0;0
41;150;10;10;0;0;0;0
42;166;12;17;0;0;0;0
43;172;11;17;0;0;0;0
44;178;15;19;0;0;0;0
45;174;14;15;0;0;0;0
46;176;14;11;0;0;0;0
47;192;15;20;0;0;0;0
48;199;13;12;0;0;0;0
49;195;12;16;0;0;0;0
50;196;11;14;0;0;0;0
51;213;13;16;1;1;0;0
52;78;13;20;0;0;0;0
53;72;10;14;0;0;0;0
54;81;14;11;0;0;0;0
55;70;15;20;0;0;0;0
56;74;15;12;0;0;0;0
57;72;13;17;0;0;0;0
58;82;10;11;0;0;0;0
59;84;10;12;0;0;0;0
60;70;11;13;0;0;0;0
61;79;14;17;0;0;0;0
62;77;14;11;0;0;0;0
63;80;12;12;0;0;1;0
64;73;13;13;0;0;0;0
65;78;11;10;0;0;0;0
66;77;14;15;0;0;0;0
67;79;14;12;0;0;0;0
68;80;15;16;0;0;0;0
69;78;12;20;0;0;0;0
70;76;12;15;0;0;0;0
71;80;10;16;0;0;0;0
72;83;13;16;0;0;0;0
73;73;10;13;0;0;0;0
74;72;14;18;0;0;0;0
75;75;13;16;0;0;0;0
76;79;15;20;0;0;0;0
77;73;12;13;0;0;0;0
78;76;10;18;0;0;0;1
79;85;10;19;0;0;0;0
80;93;11;20;0;0;0;0
81;92;14;14;0;0;0;0
82;96;13;19;0;0;0;0
83;104;13;19;0;0;0;0
84;113;13;12;0;0;0;0
85;123;10;16;0;0;0;0
86;115;10;11;0;0;0;0
87;120;15;12;0;0;0;0
88;132;15;12;0;0;0;0
89;132;13;17;0;0;0;0
90;146;12;14;0;0;0;0
91;154;11;11;0;0;0;0
92;153;13;16;0;0;0;0
93;163;14;20;0;0;0;0
94;166;14;17;0;0;0;0
95;174;15;15;0;0;1;0
96;168;15;16;0;0;0;0
97;171;12;20;0;0;0;0
98;186;10;17;0;0;0;0
99;189;11;15;0;0;0;0
100;188;12;16;0;0;0;0
101;201;14;13;0;0;0;0
102;201;14;10;0;0;0;0
103;210;13;16;1;1;0;0
104;74;15;11;0;0;0;0
105;76;11;18;0;0;0;0
106;78;10;14;0;0;0;0
107;73;10;16;0;0;0;0
108;70;15;20;0;0;0;0
109;82;13;18;0;0;0;0
110;72;12;14;0;0;0;0
111;83;15;13;0;0;0;0
112;79;11;19;0;0;0;0
113;77;13;15;0;0;0;0
114;83;12;13;0;0;0;0
115;78;12;13;0;0;0;0
116;74;11;19;0;0;0;0
117;72;13;14;0;0;0;0
118;77;12;10;0;0;0;0
119;73;12;13;0;0;0;0
120;84;13;15;0;0;0;0
121;70;15;14;0;0;0;0
122;72;13;13;0;0;0;0
123;82;14;12;0;0;0;0
124;79;14;15;0;0;0;0
125;80;15;10;0;0;0;0
126;82;14;10;0;0;0;0
127;78;14;12;0;0;1;0
128;74;13;15;0;0;0;0
129;75;12;11;0;0;0;0
130;85;15;20;0;0;0;1
131;86;14;12;0;0;0;0
132;99;10;14;0;0;0;0
133;104;13;10;0;0;0;0
134;101;11;20;0;0;0;0
135;112;10;11;0;0;0;0
136;113;10;14;0;0;0;0
137;120;14;18;0;0;0;0
138;115;11;17;0;0;0;0
139;127;10;19;0;0;0;0
140;129;12;14;0;0;0;0
141;134;15;20;0;0;0;0
142;145;13;17;0;0;0;0
143;141;12;19;0;0;0;0
144;158;12;11;0;0;0;0
145;164;15;17;0;0;0;0
146;160;13;16;0;0;0;0
147;172;12;19;0;0;0;0
148;176;14;10;0;0;0;0
149;179;10;17;0;0;0;0
150;175;15;16;0;0;0;0
151;186;15;15;0;0;0;0
152;192;14;10;0;0;0;0
153;194;10;16;0;0;0;0
154;204;15;12;0;0;0;0
155;201;15;15;1;1;0;0
156;75;10;11;0;0;0;0
157;72;13;20;0;0;0;0
158;75;12;13;0;0;0;0
159;79;12;18;0;0;0;0
160;72;14;18;0;0;0;0
161;78;13;16;0;0;0;0
162;80;12;17;0;0;0;0
163;84;11;14;0;0;0;0
164;74;14;11;0;0;0;0
165;71;11;15;0;0;0;0
166;71;10;14;0;0;0;0
167;74;10;10;0;0;0;0
168;82;14;19;0;0;0;0
169;77;11;11;0;0;0;0
170;75;10;10;0;0;0;0
171;79;10;18;0;0;0;0
172;72;12;15;0;0;0;0
173;82;11;16;0;0;0;0
174;81;10;19;0;0;0;0
175;84;10;14;0;0;0;0
176;78;12;11;0;0;0;0
177;75;15;12;0;0;0;0
178;75;15;13;0;0;0;0
179;79;10;10;0;0;0;0
180;71;11;18;0;0;0;0
181;81;15;19;0;0;0;0
182;85;14;12;0;0;0;1
183;93;10;17;0;0;0;0
184;92;11;15;0;0;0;0
185;91;15;15;0;0;0;0
186;95;14;20;0;0;0;0
187;104;15;14;0;0;0;0
188;117;15;11;0;0;0;0
189;120;13;12;0;0;0;0
190;120;12;15;0;0;0;0
191;128;14;12;0;0;1;0
192;127;11;18;0;0;0;0
193;130;13;18;0;0;0;0
194;149;12;12;0;0;0;0
195;154;13;17;0;0;0;0
196;152;15;14;0;0;0;0
197;155;13;15;0;0;0;0
198;156;12;19;0;0;0;0
199;168;13;16;0;0;0;0
200;166;15;11;0;0;0;0
201;180;11;11;0;0;0;0
202;188;10;15;0;0;0;0
203;193;11;20;0;0;0;0
204;191;13;17;0;0;0;0
205;190;11;18;0;0;0;0
206;198;10;11;0;0;0;0
207;203;12;16;1;1;0;0
208;75;13;18;0;0;0;0
209;70;12;17;0;0;0;0
210;71;15;16;0;0;0;0
211;73;11;18;0;0;0;0
212;79;11;11;0;0;0;0
213;75;10;10;0;0;0;0
214;72;12;19;0;0;0;0
215;73;15;11;0;0;0;0
216;79;15;15;0;0;0;0
217;75;14;13;0;0;0;0
218;76;10;12;0;0;0;0
219;78;13;18;0;0;0;0
220;83;13;10;0;0;0;0
221;80;12;17;0;0;0;0
222;80;14;19;0;0;0;0
223;78;11;11;0;0;1;0
224;84;11;14;0;0;0;0
225;80;12;10;0;0;0;0
226;81;11;12;0;0;0;0
227;81;15;14;0;0;0;0
228;73;13;10;0;0;0;0
229;84;15;19;0;0;0;0
230;81;15;15;0;0;0;0
231;71;13;18;0;0;0;0
232;74;11;13;0;0;0;0
233;84;13;20;0;0;0;0
234;75;14;19;0;0;0;1
235;81;11;11;0;0;0;0
236;97;15;17;0;0;0;0
237;94;10;15;0;0;0;0
238;95;12;12;0;0;0;0
239;106;15;15;0;0;0;0
240;114;13;20;0;0;0;0
241;114;14;19;0;0;0;0
242;120;10;19;0;0;0;0
243;126;13;10;0;0;0;0
244;138;11;16;0;0;0;0
245;135;11;12;0;0;0;0
246;140;14;14;0;0;0;0
247;151;11;14;0;0;0;0
248;146;15;20;0;0;0;0
249;159;10;16;0;0;0;0
250;165;12;15;0;0;0;0
251;171;10;18;0;0;0;0
252;167;13;13;0;0;0;0
253;180;13;11;0;0;0;0
254;185;10;11;0;0;0;0
255;191;14;11;0;0;1;0
256;191;11;16;0;0;0;0
257;203;11;15;0;0;0;0
258;205;14;12;0;0;0;0
259;200;12;14;0;0;0;0
260;212;15;20;0;0;0;0
261;212;15;19;0;0;0;0
262;229;12;18;0;0;0;0
263;221;10;10;0;0;0;0
264;236;14;16;0;0;0;0
265;233;13;12;0;0;0;0
266;235;15;13;0;0;0;0
267;245;12;13;0;0;0;0
268;257;11;20;0;0;0;0
269;257;11;15;0;0;0;0
270;259;14;18;0;0;0;0
271;266;10;18;0;0;0;0
272;277;10;12;0;0;0;0
273;278;15;11;0;0;0;0
274;280;11;10;0;0;0;0
275;290;14;10;0;0;0;0
276;286;14;16;0;0;0;0
277;302;13;15;0;0;0;0
278;304;15;14;0;0;0;0
279;311;12;16;0;0;0;0
280;306;12;20;0;0;0;0
281;323;11;19;0;0;0;0
282;325;13;17;0;0;0;0
283;320;10;12;0;0;0;0
284;331;10;13;0;0;0;0
285;331;10;11;0;0;0;0
286;338;11;13;0;0;0;0
287;343;14;16;0;0;1;0
288;351;14;11;0;0;0;0
289;352;14;15;0;0;0;0
290;357;15;17;0;0;0;0
291;364;12;20;0;0;0;0
292;376;10;15;0;0;0;0
293;376;12;11;0;0;0;0
294;378;13;10;0;0;0;0
295;388;10;12;0;0;0;0
296;396;14;19;0;0;0;0
297;397;10;15;0;0;0;0
298;402;11;13;0;0;0;0
299;409;14;16;0;0;0;0
300;405;12;11;0;0;0;0
301;421;13;18;0;0;0;0
302;423;14;17;0;0;0;0
303;433;12;20;0;0;0;0
304;425;10;15;0;0;0;0
305;442;10;13;0;0;0;0
306;447;13;13;0;0;0;0
307;454;10;16;0;0;0;0
308;447;14;11;0;0;0;0
309;462;15;18;0;0;0;0
310;468;11;17;0;0;0;0
311;463;14;19;0;0;0;0
312;474;12;15;0;0;0;0
313;472;12;10;0;0;0;0
314;477;15;12;0;0;0;0
315;484;13;12;0;0;0;0
316;494;10;18;0;0;0;0
317;492;11;17;0;0;0;0
318;498;13;14;0;0;0;0
319;504;11;16;0;0;1;0
320;519;14;11;0;0;0;0
321;519;14;20;0;0;0;0
322;518;11;20;0;0;0;0
323;528;15;20;0;0;0;0
324;539;13;15;0;0;0;0
325;540;12;14;0;0;0;0
326;542;15;12;0;0;0;0
327;548;13;15;0;0;0;0
328;549;11;11;0;0;0;0
329;564;10;17;0;0;0;0
330;566;13;19;0;0;0;0
331;573;15;11;0;0;0;0
332;569;15;14;0;0;0;0
333;570;10;10;0;0;0;0
334;575;10;12;0;0;0;0
335;593;13;15;0;0;0;0
336;590;13;18;0;0;0;0
337;590;14;16;0;0;0;0
338;596;15;16;0;0;0;0
339;606;11;18;0;0;0;0
340;613;11;14;0;0;0;0
341;615;11;12;0;0;0;0
342;620;14;19;0;0;0;0
343;627;15;11;0;0;0;0
344;634;15;17;0;0;0;0
345;635;10;13;0;0;0;0
346;641;12;12;0;0;0;0
347;651;13;18;0;0;0;0
348;647;13;10;0;0;0;0
349;659;13;19;0;0;0;0
350;665;10;19;0;0;0;0
351;671;11;11;0;0;1;0
352;667;11;16;0;0;0;0
353;679;11;12;0;0;0;0
354;685;12;12;0;0;0;0
355;691;10;14;0;0;0;0
356;692;13;20;0;0;0;0
357;692;15;19;0;0;0;0
358;705;10;18;0;0;0;0
359;701;14;20;0;0;0;0
360;712;13;13;0;0;0;0
361;713;13;12;0;0;0;0
362;718;14;10;0;0;0;0
363;721;12;13;0;0;0;0
364;737;10;17;0;0;0;0
365;737;11;15;0;0;0;0
366;739;12;15;0;0;0;0
367;749;10;17;0;0;0;0
368;756;15;12;0;0;0;0
369;758;15;19;0;0;0;0
370;763;10;10;0;0;0;0
371;766;14;13;0;0;0;0
372;777;12;19;0;0;0;0
373;778;13;12;0;0;0;0
374;784;14;14;0;0;0;0
375;794;12;16;0;0;0;0
376;786;10;12;0;0;0;0
377;802;11;16;0;0;0;0
378;808;12;17;0;0;0;0
379;814;10;20;0;0;0;0
380;807;14;15;0;0;0;0
381;822;15;11;0;0;0;0
382;828;11;10;0;0;0;0
383;834;14;13;0;0;1;0
384;835;12;19;0;0;0;0
385;832;13;17;0;0;0;0
386;848;13;14;0;0;0;0
387;844;12;17;0;0;0;0
388;852;10;12;0;0;0;0
389;852;11;10;0;0;0;0
390;858;13;18;0;0;0;0
391;864;10;12;0;0;0;0
392;876;14;19;0;0;0;0
393;877;14;14;0;0;0;0
394;878;11;13;0;0;0;0
395;885;12;16;0;0;0;0
396;896;12;20;0;0;0;0
397;897;13;15;0;0;0;0
398;903;13;17;0;0;0;0
399;906;10;20;0;0;0;0
400;916;10;12;0;0;0;0
401;918;10;11;0;0;0;0
402;920;11;10;0;0;0;0
403;930;14;13;0;0;0;0
404;926;14;16;0;0;0;0
405;942;13;14;0;0;0;0
406;944;15;14;0;0;0;0
407;950;12;16;0;0;0;0
408;946;12;20;0;0;0;0
409;962;11;19;0;0;0;0
410;964;13;17;0;0;0;0
411;974;10;20;0;0;0;0
412;971;15;13;0;0;0;0
413;983;15;11;0;0;0;0
414;988;11;10;0;0;0;0
415;980;14;13;0;0;1;0
416;991;12;19;0;0;0;0
417;1003;13;15;0;0;0;0
418;1009;13;14;0;0;0;0
419;1000;12;17;0;0;0;0
420;1012;15;12;0;0;0;0
421;1013;11;19;0;0;0;0
422;1029;12;18;0;0;0;0
423;1025;14;10;0;0;0;0
424;1032;13;15;0;0;0;0
425;1033;15;11;0;0;0;0
426;1039;15;11;0;0;0;0
427;1042;12;13;0;0;0;0
428;1056;11;17;0;0;0;0
429;1058;10;16;0;0;0;0
430;1059;12;14;0;0;0;0
431;1066;10;17;0;0;0;0
432;1077;14;10;0;0;0;0
433;1077;13;19;0;0;0;0
434;1083;10;10;0;0;0;0
435;1086;14;13;0;0;0;0
436;1097;11;16;0;0;0;0
437;1098;12;12;0;0;0;0
438;1103;14;14;0;0;0;0
439;1110;12;17;0;0;0;0
440;1107;10;20;0;0;0;0
441;1122;15;15;0;0;0;0
442;1128;12;18;0;0;0;0
443;1131;10;20;0;0;0;0
444;1127;15;13;0;0;0;0
445;1143;14;12;0;0;0;0
446;1145;10;10;0;0;0;0
447;1151;14;10;0;0;1;0
448;1152;11;17;0;0;0;0
449;1152;11;15;0;0;0;0
450;1165;14;14;0;0;0;0
451;1161;12;14;0;0;0;0
452;1171;10;20;0;0;0;0
453;1184;15;19;0;0;0;0
454;1175;11;18;0;0;0;0
455;1181;10;10;0;0;0;0
456;1196;13;16;0;0;0;0
457;1197;13;11;0;0;0;0
458;1195;10;14;0;0;0;0
459;1206;12;14;0;0;0;0
460;1216;12;20;0;0;0;0
461;1213;11;15;0;0;0;0
462;1219;13;17;0;0;0;0
463;1225;10;17;0;0;0;0
464;1237;15;13;0;0;0;0
465;1237;15;11;0;0;0;0
466;1243;11;10;0;0;0;0
467;1250;14;12;0;0;0;0
468;1246;14;16;0;0;0;0
469;1262;14;15;0;0;0;0
470;1264;15;14;0;0;0;0
471;1270;12;17;0;0;0;0
472;1267;12;20;0;0;0;0
473;1282;11;18;0;0;0;0
474;1284;13;18;0;0;0;0
475;1280;10;12;0;0;0;0
476;1291;10;12;0;0;0;0
477;1292;15;11;0;0;0;0
478;1309;11;13;0;0;0;0
479;1300;14;13;0;0;1;0
480;1311;13;19;0;0;0;0
481;1312;13;15;0;0;0;0
482;1329;14;17;0;0;0;0
483;1321;12;17;0;0;0;0
484;1335;10;12;0;0;0;0
485;1337;11;11;0;0;0;0
486;1338;11;10;0;0;0;0
487;1345;10;10;0;0;0;0
488;1356;13;16;0;0;0;0
489;1356;15;14;0;0;0;0
490;1359;10;14;0;0;0;0
491;1365;14;16;0;0;0;0
492;1365;12;19;0;0;0;0
493;1381;11;18;0;0;0;0
494;1382;13;17;0;0;0;0
495;1389;12;20;0;0;0;0
496;1386;10;12;0;0;0;0
497;1401;15;11;0;0;0;0
498;1407;11;13;0;0;0;0
499;1410;15;15;0;0;0;0
